{
  "asi_version": "1.0.0-omega",
  "saved_at": "2026-03-20T12:38:43.653319",
  "total_trades": 103,
  "total_wins": 54,
  "total_losses": 49,
  "total_profit": -7402.1900000000005,
  "gross_profit": 2838.74,
  "gross_loss": 10240.93,
  "daily_gross_profit": 654.61,
  "daily_gross_loss": 4685.26,
  "max_drawdown": 7657.530000000086,
  "max_drawdown_pct": 0.0763802706170074,
  "peak_balance": 100255.34,
  "agent_weights": {},
  "regime_history": [],
  "parameter_mutations": [],
  "consecutive_losses": 0
}