{
  "asi_version": "1.0.0-omega",
  "saved_at": "2026-03-11T13:26:44.827285",
  "total_trades": 46,
  "total_wins": 20,
  "total_losses": 26,
  "total_profit": -1230.0700000000002,
  "gross_profit": 2028.11,
  "gross_loss": 3258.18,
  "daily_gross_profit": 0,
  "daily_gross_loss": 643.92,
  "max_drawdown": 2117.4900000000634,
  "max_drawdown_pct": 0.02112346436427363,
  "peak_balance": 100243.49999999999,
  "agent_weights": {},
  "regime_history": [],
  "parameter_mutations": [],
  "consecutive_losses": 0
}