{
  "asi_version": "1.0.0-omega",
  "saved_at": "2026-03-09T21:28:35.639114",
  "total_trades": 23,
  "total_wins": 9,
  "total_losses": 14,
  "total_profit": 29.809999999999917,
  "gross_profit": 1494.35,
  "gross_loss": 1464.54,
  "daily_gross_profit": 321.75,
  "daily_gross_loss": 425.17,
  "max_drawdown": 1039.37000000001,
  "max_drawdown_pct": 0.010302275546346709,
  "peak_balance": 100887.42,
  "agent_weights": {},
  "regime_history": [],
  "parameter_mutations": [],
  "consecutive_losses": 0
}