{
  "asi_version": "1.0.0-omega",
  "saved_at": "2026-03-19T14:40:16.051382",
  "total_trades": 29,
  "total_wins": 11,
  "total_losses": 18,
  "total_profit": -2162.16,
  "gross_profit": 781.81,
  "gross_loss": 2943.9700000000003,
  "daily_gross_profit": 54.37,
  "daily_gross_loss": 955.8100000000001,
  "max_drawdown": 2417.500000000029,
  "max_drawdown_pct": 0.02411342877097648,
  "peak_balance": 100255.34,
  "agent_weights": {},
  "regime_history": [],
  "parameter_mutations": [],
  "consecutive_losses": 0
}