{
  "asi_version": "1.0.0-omega",
  "saved_at": "2026-03-12T14:54:16.066759",
  "total_trades": 67,
  "total_wins": 31,
  "total_losses": 36,
  "total_profit": -2723.47,
  "gross_profit": 2325.96,
  "gross_loss": 5049.43,
  "daily_gross_profit": 158.09000000000003,
  "daily_gross_loss": 1217.05,
  "max_drawdown": 3610.890000000072,
  "max_drawdown_pct": 0.03579128101402605,
  "peak_balance": 100887.42,
  "agent_weights": {},
  "regime_history": [],
  "parameter_mutations": [],
  "consecutive_losses": 0
}