{
  "asi_version": "1.0.0-omega",
  "saved_at": "2026-03-08T15:10:06.730397",
  "total_trades": 163,
  "total_wins": 66,
  "total_losses": 97,
  "total_profit": 482.30000000000007,
  "gross_profit": 4573.79,
  "gross_loss": 4091.4900000000002,
  "max_drawdown": 2767.40999999996,
  "peak_balance": 101116.04,
  "agent_weights": {},
  "regime_history": [],
  "parameter_mutations": [],
  "consecutive_losses": 0
}