{
  "asi_version": "1.0.0-omega",
  "saved_at": "2026-03-12T17:22:53.233188",
  "total_trades": 4,
  "total_wins": 1,
  "total_losses": 3,
  "total_profit": -5.659999999999997,
  "gross_profit": 4.300000000000001,
  "gross_loss": 9.959999999999997,
  "daily_gross_profit": 4.300000000000001,
  "daily_gross_loss": 9.959999999999997,
  "max_drawdown": 8.30000000000291,
  "max_drawdown_pct": 8.308907980248534e-05,
  "peak_balance": 99892.79000000001,
  "agent_weights": {},
  "regime_history": [],
  "parameter_mutations": [],
  "consecutive_losses": 0
}