{
  "asi_version": "1.0.0-omega",
  "saved_at": "2026-03-12T14:59:36.383865",
  "total_trades": 70,
  "total_wins": 32,
  "total_losses": 38,
  "total_profit": -2731.46,
  "gross_profit": 2327.3199999999997,
  "gross_loss": 5058.78,
  "daily_gross_profit": 159.45000000000002,
  "daily_gross_loss": 1226.3999999999999,
  "max_drawdown": 3620.2400000000634,
  "max_drawdown_pct": 0.035883958574816,
  "peak_balance": 100887.42,
  "agent_weights": {},
  "regime_history": [],
  "parameter_mutations": [],
  "consecutive_losses": 0
}