{
  "asi_version": "1.0.0-omega",
  "saved_at": "2026-03-09T11:54:59.818868",
  "total_trades": 58,
  "total_wins": 47,
  "total_losses": 11,
  "total_profit": -1135.87,
  "gross_profit": 1560.3600000000001,
  "gross_loss": 2696.23,
  "daily_gross_profit": 1560.3600000000001,
  "daily_gross_loss": 2696.23,
  "max_drawdown": 1523.5100000000093,
  "max_drawdown_pct": 0.015176270704242168,
  "peak_balance": 100387.64,
  "agent_weights": {},
  "regime_history": [],
  "parameter_mutations": [],
  "consecutive_losses": 0
}