{
  "asi_version": "1.0.0-omega",
  "saved_at": "2026-03-21T16:42:10.203835",
  "total_trades": 130,
  "total_wins": 12,
  "total_losses": 118,
  "total_profit": -3473.68,
  "gross_profit": 700.1899999999999,
  "gross_loss": 4173.87,
  "daily_gross_profit": 0,
  "daily_gross_loss": 2186.2,
  "max_drawdown": 3473.6800000000076,
  "max_drawdown_pct": 0.034736800000000075,
  "peak_balance": 100000.0,
  "agent_weights": {},
  "regime_history": [],
  "parameter_mutations": [],
  "consecutive_losses": 0
}