{
  "asi_version": "1.0.0-omega",
  "saved_at": "2026-03-22T21:53:16.388866",
  "total_trades": 220,
  "total_wins": 110,
  "total_losses": 110,
  "total_profit": -2723.0499999999997,
  "gross_profit": 709.27,
  "gross_loss": 3432.3199999999997,
  "daily_gross_profit": 774.6899999999999,
  "daily_gross_loss": 3282.85,
  "max_drawdown": 3074.7899999999354,
  "max_drawdown_pct": 0.031088678549924365,
  "peak_balance": 98903.84999999995,
  "agent_weights": {},
  "regime_history": [],
  "parameter_mutations": [],
  "consecutive_losses": 0
}