{
  "asi_version": "1.0.0-omega",
  "saved_at": "2026-03-20T11:27:20.826278",
  "total_trades": 93,
  "total_wins": 54,
  "total_losses": 39,
  "total_profit": -4988.37,
  "gross_profit": 2838.74,
  "gross_loss": 7827.110000000001,
  "daily_gross_profit": 654.61,
  "daily_gross_loss": 2271.44,
  "max_drawdown": 5815.1900000000605,
  "max_drawdown_pct": 0.058047391476386524,
  "peak_balance": 100180.04,
  "agent_weights": {},
  "regime_history": [],
  "parameter_mutations": [],
  "consecutive_losses": 0
}