{
  "asi_version": "1.0.0-omega",
  "saved_at": "2026-03-11T21:09:37.781650",
  "total_trades": 63,
  "total_wins": 31,
  "total_losses": 32,
  "total_profit": -1968.0900000000001,
  "gross_profit": 2325.96,
  "gross_loss": 4294.05,
  "daily_gross_profit": 139.76,
  "daily_gross_loss": 1679.79,
  "max_drawdown": 2855.5100000000675,
  "max_drawdown_pct": 0.028434042065905083,
  "peak_balance": 100425.75,
  "agent_weights": {},
  "regime_history": [],
  "parameter_mutations": [],
  "consecutive_losses": 0
}