{
  "asi_version": "1.0.0-omega",
  "saved_at": "2026-03-08T16:00:21.984725",
  "total_trades": 172,
  "total_wins": 69,
  "total_losses": 103,
  "total_profit": -345.2199999999999,
  "gross_profit": 4588.82,
  "gross_loss": 4934.04,
  "max_drawdown": 3112.629999999961,
  "max_drawdown_pct": 0.03112629999999961,
  "peak_balance": 100770.81999999999,
  "agent_weights": {},
  "regime_history": [],
  "parameter_mutations": [],
  "consecutive_losses": 0
}