{
  "asi_version": "1.0.0-omega",
  "saved_at": "2026-03-08T22:49:52.932040",
  "total_trades": 192,
  "total_wins": 76,
  "total_losses": 116,
  "total_profit": -3216.1,
  "gross_profit": 4823.82,
  "gross_loss": 8039.92,
  "daily_gross_profit": 234.99999999999997,
  "daily_gross_loss": 3105.88,
  "max_drawdown": 4493.019999999946,
  "max_drawdown_pct": 0.04443429548862818,
  "peak_balance": 101116.04,
  "agent_weights": {},
  "regime_history": [],
  "parameter_mutations": [],
  "consecutive_losses": 0
}