{
  "asi_version": "1.0.0-omega",
  "saved_at": "2026-03-20T11:12:56.069986",
  "total_trades": 85,
  "total_wins": 46,
  "total_losses": 39,
  "total_profit": -5337.54,
  "gross_profit": 2489.57,
  "gross_loss": 7827.110000000001,
  "daily_gross_profit": 305.44,
  "daily_gross_loss": 2271.44,
  "max_drawdown": 5815.1900000000605,
  "max_drawdown_pct": 0.05804476677396589,
  "peak_balance": 100184.57,
  "agent_weights": {},
  "regime_history": [],
  "parameter_mutations": [],
  "consecutive_losses": 0
}