{
  "asi_version": "1.0.0-omega",
  "saved_at": "2026-03-12T14:34:44.337267",
  "total_trades": 63,
  "total_wins": 31,
  "total_losses": 32,
  "total_profit": -1968.0900000000001,
  "gross_profit": 2325.96,
  "gross_loss": 4294.05,
  "daily_gross_profit": 158.09000000000003,
  "daily_gross_loss": 461.66999999999996,
  "max_drawdown": 2855.5100000000675,
  "max_drawdown_pct": 0.028332944217684237,
  "peak_balance": 100784.09,
  "agent_weights": {},
  "regime_history": [],
  "parameter_mutations": [],
  "consecutive_losses": 0
}