{
  "asi_version": "1.0.0-omega",
  "saved_at": "2026-03-21T14:28:38.316330",
  "total_trades": 64,
  "total_wins": 12,
  "total_losses": 52,
  "total_profit": -2529.11,
  "gross_profit": 700.1899999999999,
  "gross_loss": 3229.3,
  "daily_gross_profit": 0,
  "daily_gross_loss": 1241.6299999999999,
  "max_drawdown": 2529.109999999986,
  "max_drawdown_pct": 0.025487257580516794,
  "peak_balance": 99230.37,
  "agent_weights": {},
  "regime_history": [],
  "parameter_mutations": [],
  "consecutive_losses": 0
}