{
  "asi_version": "1.0.0-omega",
  "saved_at": "2026-03-08T22:26:29.841686",
  "total_trades": 188,
  "total_wins": 72,
  "total_losses": 116,
  "total_profit": -3376.98,
  "gross_profit": 4662.9400000000005,
  "gross_loss": 8039.92,
  "daily_gross_profit": 74.11999999999999,
  "daily_gross_loss": 3105.88,
  "max_drawdown": 4493.019999999946,
  "max_drawdown_pct": 0.0450471197994389,
  "peak_balance": 99740.45,
  "agent_weights": {},
  "regime_history": [],
  "parameter_mutations": [],
  "consecutive_losses": 0
}