{
  "asi_version": "1.0.0-omega",
  "saved_at": "2026-03-08T21:58:40.930126",
  "total_trades": 182,
  "total_wins": 72,
  "total_losses": 110,
  "total_profit": -1948.93,
  "gross_profit": 4662.9400000000005,
  "gross_loss": 6611.87,
  "daily_gross_profit": 74.11999999999999,
  "daily_gross_loss": 1677.8300000000002,
  "max_drawdown": 3139.089999999953,
  "max_drawdown_pct": 0.03104443172418494,
  "peak_balance": 101116.04,
  "agent_weights": {},
  "regime_history": [],
  "parameter_mutations": [],
  "consecutive_losses": 0
}