{
  "asi_version": "1.0.0-omega",
  "saved_at": "2026-03-15T17:21:39.646684",
  "total_trades": 25,
  "total_wins": 15,
  "total_losses": 10,
  "total_profit": -98.17000000000002,
  "gross_profit": 779.0699999999999,
  "gross_loss": 877.24,
  "daily_gross_profit": 779.0699999999999,
  "daily_gross_loss": 877.24,
  "max_drawdown": 846.7099999999773,
  "max_drawdown_pct": 0.008435112366882082,
  "peak_balance": 100379.22000000002,
  "agent_weights": {},
  "regime_history": [],
  "parameter_mutations": [],
  "consecutive_losses": 0
}