{
  "asi_version": "1.0.0-omega",
  "saved_at": "2026-03-20T13:57:33.688263",
  "total_trades": 16,
  "total_wins": 12,
  "total_losses": 4,
  "total_profit": -133.88000000000005,
  "gross_profit": 700.1899999999999,
  "gross_loss": 834.07,
  "daily_gross_profit": 700.1899999999999,
  "daily_gross_loss": 834.07,
  "max_drawdown": 834.0699999999924,
  "max_drawdown_pct": 0.008348255170929615,
  "peak_balance": 99909.5,
  "agent_weights": {},
  "regime_history": [],
  "parameter_mutations": [],
  "consecutive_losses": 0
}