{
  "asi_version": "1.0.0-omega",
  "saved_at": "2026-03-12T20:46:49.224912",
  "total_trades": 32,
  "total_wins": 9,
  "total_losses": 23,
  "total_profit": -2083.46,
  "gross_profit": 557.03,
  "gross_loss": 2640.4900000000002,
  "daily_gross_profit": 552.48,
  "daily_gross_loss": 2624.18,
  "max_drawdown": 2083.4600000000064,
  "max_drawdown_pct": 0.02095693611456886,
  "peak_balance": 99416.25,
  "agent_weights": {},
  "regime_history": [],
  "parameter_mutations": [],
  "consecutive_losses": 0
}