{
  "asi_version": "1.0.0-omega",
  "saved_at": "2026-03-08T23:15:21.680694",
  "total_trades": 210,
  "total_wins": 85,
  "total_losses": 125,
  "total_profit": -3856.0,
  "gross_profit": 4944.42,
  "gross_loss": 8800.42,
  "daily_gross_profit": 355.59999999999997,
  "daily_gross_loss": 3866.38,
  "max_drawdown": 4972.039999999935,
  "max_drawdown_pct": 0.04917162499638965,
  "peak_balance": 101116.04,
  "agent_weights": {},
  "regime_history": [],
  "parameter_mutations": [],
  "consecutive_losses": 0
}