{
  "asi_version": "1.0.0-omega",
  "saved_at": "2026-03-10T17:08:18.718154",
  "total_trades": 42,
  "total_wins": 20,
  "total_losses": 22,
  "total_profit": -586.1500000000001,
  "gross_profit": 2028.11,
  "gross_loss": 2614.26,
  "daily_gross_profit": 855.51,
  "daily_gross_loss": 1574.89,
  "max_drawdown": 1555.8700000000536,
  "max_drawdown_pct": 0.015421843476620312,
  "peak_balance": 100887.42,
  "agent_weights": {},
  "regime_history": [],
  "parameter_mutations": [],
  "consecutive_losses": 0
}