{
  "asi_version": "1.0.0-omega",
  "saved_at": "2026-03-10T13:40:41.546679",
  "total_trades": 35,
  "total_wins": 17,
  "total_losses": 18,
  "total_profit": 21.249999999999893,
  "gross_profit": 1945.81,
  "gross_loss": 1924.56,
  "daily_gross_profit": 773.2099999999999,
  "daily_gross_loss": 885.1899999999999,
  "max_drawdown": 1039.37000000001,
  "max_drawdown_pct": 0.010302275546346709,
  "peak_balance": 100887.42,
  "agent_weights": {},
  "regime_history": [],
  "parameter_mutations": [],
  "consecutive_losses": 0
}