{
  "asi_version": "1.0.0-omega",
  "saved_at": "2026-03-12T17:49:08.932002",
  "total_trades": 12,
  "total_wins": 1,
  "total_losses": 11,
  "total_profit": -922.4300000000001,
  "gross_profit": 4.300000000000001,
  "gross_loss": 926.73,
  "daily_gross_profit": 4.300000000000001,
  "daily_gross_loss": 926.73,
  "max_drawdown": 922.4300000000076,
  "max_drawdown_pct": 0.009224300000000076,
  "peak_balance": 100000.0,
  "agent_weights": {},
  "regime_history": [],
  "parameter_mutations": [],
  "consecutive_losses": 0
}