{
  "asi_version": "1.0.0-omega",
  "saved_at": "2026-03-08T14:49:31.615581",
  "total_trades": 158,
  "total_wins": 61,
  "total_losses": 97,
  "total_profit": 335.80000000000007,
  "gross_profit": 4427.29,
  "gross_loss": 4091.4900000000002,
  "max_drawdown": 2767.40999999996,
  "peak_balance": 0.0,
  "agent_weights": {},
  "regime_history": [],
  "parameter_mutations": [],
  "consecutive_losses": 0
}