{
  "asi_version": "1.0.0-omega",
  "saved_at": "2026-03-12T22:07:50.537908",
  "total_trades": 32,
  "total_wins": 9,
  "total_losses": 23,
  "total_profit": -2083.46,
  "gross_profit": 557.03,
  "gross_loss": 2640.4900000000002,
  "daily_gross_profit": 552.73,
  "daily_gross_loss": 604.9300000000001,
  "max_drawdown": 2083.4600000000064,
  "max_drawdown_pct": 0.020834600000000064,
  "peak_balance": 100000.0,
  "agent_weights": {},
  "regime_history": [],
  "parameter_mutations": [],
  "consecutive_losses": 0
}