{
  "asi_version": "1.0.0-omega",
  "saved_at": "2026-03-18T17:20:51.113005",
  "total_trades": 23,
  "total_wins": 10,
  "total_losses": 13,
  "total_profit": -1260.72,
  "gross_profit": 727.4399999999999,
  "gross_loss": 1988.16,
  "daily_gross_profit": 37.529999999999994,
  "daily_gross_loss": 174.51000000000002,
  "max_drawdown": 1516.0600000000122,
  "max_drawdown_pct": 0.015121987517074026,
  "peak_balance": 100255.34,
  "agent_weights": {},
  "regime_history": [],
  "parameter_mutations": [],
  "consecutive_losses": 0
}