{
  "asi_version": "1.0.0-omega",
  "saved_at": "2026-03-19T13:20:43.752706",
  "total_trades": 26,
  "total_wins": 11,
  "total_losses": 15,
  "total_profit": -1739.5500000000002,
  "gross_profit": 781.81,
  "gross_loss": 2521.36,
  "daily_gross_profit": 54.37,
  "daily_gross_loss": 533.2,
  "max_drawdown": 2049.260000000024,
  "max_drawdown_pct": 0.020445732247968224,
  "peak_balance": 100229.23,
  "agent_weights": {},
  "regime_history": [],
  "parameter_mutations": [],
  "consecutive_losses": 0
}