{
  "asi_version": "1.0.0-omega",
  "saved_at": "2026-03-16T14:43:36.424542",
  "total_trades": 47,
  "total_wins": 24,
  "total_losses": 23,
  "total_profit": -1780.04,
  "gross_profit": 1494.03,
  "gross_loss": 3274.0699999999997,
  "daily_gross_profit": 714.96,
  "daily_gross_loss": 1688.74,
  "max_drawdown": 2162.0299999999843,
  "max_drawdown_pct": 0.021538621240531495,
  "peak_balance": 100379.22000000002,
  "agent_weights": {},
  "regime_history": [],
  "parameter_mutations": [],
  "consecutive_losses": 0
}