{
  "asi_version": "1.0.0-omega",
  "saved_at": "2026-03-09T10:36:39.451702",
  "total_trades": 16,
  "total_wins": 12,
  "total_losses": 4,
  "total_profit": 136.73000000000002,
  "gross_profit": 948.72,
  "gross_loss": 811.99,
  "daily_gross_profit": 948.72,
  "daily_gross_loss": 811.99,
  "max_drawdown": 811.9899999999907,
  "max_drawdown_pct": 0.008051504083114664,
  "peak_balance": 100849.48000000001,
  "agent_weights": {},
  "regime_history": [],
  "parameter_mutations": [],
  "consecutive_losses": 0
}