{
  "asi_version": "1.0.0-omega",
  "saved_at": "2026-03-09T11:04:17.219116",
  "total_trades": 65,
  "total_wins": 35,
  "total_losses": 30,
  "total_profit": -250.17000000000002,
  "gross_profit": 1218.86,
  "gross_loss": 1469.03,
  "daily_gross_profit": 1218.86,
  "daily_gross_loss": 1469.03,
  "max_drawdown": 811.9899999999907,
  "max_drawdown_pct": 0.008090519279237356,
  "peak_balance": 100387.64,
  "agent_weights": {},
  "regime_history": [],
  "parameter_mutations": [],
  "consecutive_losses": 0
}