{
  "asi_version": "1.0.0-omega",
  "saved_at": "2026-03-24T22:51:03.701003",
  "total_trades": 271,
  "total_wins": 150,
  "total_losses": 121,
  "total_profit": -2380.4,
  "gross_profit": 2374.85,
  "gross_loss": 4755.25,
  "daily_gross_profit": 1518.01,
  "daily_gross_loss": 509.09,
  "max_drawdown": 3887.66999999994,
  "max_drawdown_pct": 0.038740434396054735,
  "peak_balance": 100351.73999999995,
  "agent_weights": {},
  "regime_history": [],
  "parameter_mutations": [],
  "consecutive_losses": 0
}