{
  "asi_version": "1.0.0-omega",
  "saved_at": "2026-03-24T21:14:23.195659",
  "total_trades": 244,
  "total_wins": 127,
  "total_losses": 117,
  "total_profit": -2776.38,
  "gross_profit": 1469.78,
  "gross_loss": 4246.16,
  "daily_gross_profit": 704.7099999999999,
  "daily_gross_loss": 0,
  "max_drawdown": 3887.66999999994,
  "max_drawdown_pct": 0.038740434396054735,
  "peak_balance": 100351.73999999995,
  "agent_weights": {},
  "regime_history": [],
  "parameter_mutations": [],
  "consecutive_losses": 0
}