{
  "asi_version": "1.0.0-omega",
  "saved_at": "2026-03-09T22:20:20.237329",
  "total_trades": 27,
  "total_wins": 13,
  "total_losses": 14,
  "total_profit": 152.87999999999988,
  "gross_profit": 1617.4199999999998,
  "gross_loss": 1464.54,
  "daily_gross_profit": 444.81999999999994,
  "daily_gross_loss": 425.17,
  "max_drawdown": 1039.37000000001,
  "max_drawdown_pct": 0.010302275546346709,
  "peak_balance": 100887.42,
  "agent_weights": {},
  "regime_history": [],
  "parameter_mutations": [],
  "consecutive_losses": 0
}