{
  "asi_version": "1.0.0-omega",
  "saved_at": "2026-03-08T19:28:12.205160",
  "total_trades": 172,
  "total_wins": 69,
  "total_losses": 103,
  "total_profit": -345.2199999999999,
  "gross_profit": 4588.82,
  "gross_loss": 4934.04,
  "daily_gross_profit": 4588.82,
  "daily_gross_loss": 4934.04,
  "max_drawdown": 2767.40999999996,
  "max_drawdown_pct": 0.027674099999999598,
  "peak_balance": 101116.04,
  "agent_weights": {},
  "regime_history": [],
  "parameter_mutations": [],
  "consecutive_losses": 0
}