{
  "asi_version": "1.0.0-omega",
  "saved_at": "2026-03-09T11:20:09.475151",
  "total_trades": 89,
  "total_wins": 47,
  "total_losses": 42,
  "total_profit": 91.33,
  "gross_profit": 1560.3600000000001,
  "gross_loss": 1469.03,
  "daily_gross_profit": 1560.3600000000001,
  "daily_gross_loss": 1469.03,
  "max_drawdown": 811.9899999999907,
  "max_drawdown_pct": 0.008097777681152765,
  "peak_balance": 100297.68,
  "agent_weights": {},
  "regime_history": [],
  "parameter_mutations": [],
  "consecutive_losses": 0
}