{
  "asi_version": "1.0.0-omega",
  "saved_at": "2026-03-21T20:05:39.619441",
  "total_trades": 169,
  "total_wins": 12,
  "total_losses": 157,
  "total_profit": -4831.42,
  "gross_profit": 700.1899999999999,
  "gross_loss": 5531.61,
  "daily_gross_profit": 0,
  "daily_gross_loss": 2374.72,
  "max_drawdown": 4831.419999999984,
  "max_drawdown_pct": 0.046087518417665084,
  "peak_balance": 104831.42,
  "agent_weights": {},
  "regime_history": [],
  "parameter_mutations": [],
  "consecutive_losses": 0
}