{
  "asi_version": "1.0.0-omega",
  "saved_at": "2026-03-10T15:16:00.528598",
  "total_trades": 38,
  "total_wins": 17,
  "total_losses": 21,
  "total_profit": -585.2400000000001,
  "gross_profit": 1945.81,
  "gross_loss": 2531.05,
  "daily_gross_profit": 773.2099999999999,
  "daily_gross_loss": 1491.68,
  "max_drawdown": 1472.6600000000471,
  "max_drawdown_pct": 0.014597062745781854,
  "peak_balance": 100887.42,
  "agent_weights": {},
  "regime_history": [],
  "parameter_mutations": [],
  "consecutive_losses": 0
}