{
  "asi_version": "1.0.0-omega",
  "saved_at": "2026-03-20T10:34:38.193752",
  "total_trades": 71,
  "total_wins": 38,
  "total_losses": 33,
  "total_profit": -3937.0800000000004,
  "gross_profit": 2196.4900000000002,
  "gross_loss": 6133.570000000001,
  "daily_gross_profit": 12.359999999999996,
  "daily_gross_loss": 577.9000000000001,
  "max_drawdown": 4192.4200000000565,
  "max_drawdown_pct": 0.041817423391113696,
  "peak_balance": 100255.34,
  "agent_weights": {},
  "regime_history": [],
  "parameter_mutations": [],
  "consecutive_losses": 0
}