{
  "asi_version": "1.0.0-omega",
  "saved_at": "2026-03-22T23:01:12.938486",
  "total_trades": 228,
  "total_wins": 111,
  "total_losses": 117,
  "total_profit": -3531.88,
  "gross_profit": 714.28,
  "gross_loss": 4246.16,
  "daily_gross_profit": 809.77,
  "daily_gross_loss": 4051.2799999999997,
  "max_drawdown": 3887.66999999994,
  "max_drawdown_pct": 0.03881774361100303,
  "peak_balance": 100151.87999999995,
  "agent_weights": {},
  "regime_history": [],
  "parameter_mutations": [],
  "consecutive_losses": 0
}