{
  "asi_version": "1.0.0-omega",
  "saved_at": "2026-03-12T20:17:10.250863",
  "total_trades": 20,
  "total_wins": 2,
  "total_losses": 18,
  "total_profit": -2043.02,
  "gross_profit": 8.850000000000001,
  "gross_loss": 2051.87,
  "daily_gross_profit": 8.850000000000001,
  "daily_gross_loss": 2051.87,
  "max_drawdown": 2043.0200000000186,
  "max_drawdown_pct": 0.020450585143271,
  "peak_balance": 99900.31999999999,
  "agent_weights": {},
  "regime_history": [],
  "parameter_mutations": [],
  "consecutive_losses": 0
}