{
  "asi_version": "1.0.0-omega",
  "saved_at": "2026-03-09T12:23:20.708278",
  "total_trades": 73,
  "total_wins": 62,
  "total_losses": 11,
  "total_profit": -713.1399999999999,
  "gross_profit": 1983.0900000000001,
  "gross_loss": 2696.23,
  "daily_gross_profit": 1617.73,
  "daily_gross_loss": 2696.23,
  "max_drawdown": 1523.5100000000093,
  "max_drawdown_pct": 0.015176270704242168,
  "peak_balance": 100387.64,
  "agent_weights": {},
  "regime_history": [],
  "parameter_mutations": [],
  "consecutive_losses": 0
}