{
  "asi_version": "1.0.0-omega",
  "saved_at": "2026-03-08T15:30:01.799336",
  "total_trades": 164,
  "total_wins": 66,
  "total_losses": 98,
  "total_profit": 477.0100000000001,
  "gross_profit": 4573.79,
  "gross_loss": 4096.78,
  "max_drawdown": 2767.40999999996,
  "max_drawdown_pct": 0.027674099999999598,
  "peak_balance": 101116.04,
  "agent_weights": {},
  "regime_history": [],
  "parameter_mutations": [],
  "consecutive_losses": 0
}