{
  "asi_version": "1.0.0-omega",
  "saved_at": "2026-03-16T17:26:21.772045",
  "total_trades": 11,
  "total_wins": 4,
  "total_losses": 7,
  "total_profit": -1140.78,
  "gross_profit": 255.34,
  "gross_loss": 1396.1200000000001,
  "daily_gross_profit": 255.34,
  "daily_gross_loss": 1396.1200000000001,
  "max_drawdown": 1396.12000000001,
  "max_drawdown_pct": 0.013925642265040545,
  "peak_balance": 100255.34,
  "agent_weights": {},
  "regime_history": [],
  "parameter_mutations": [],
  "consecutive_losses": 0
}